requirement_id;paper_section;claim_or_metric;required_data;existing_file;experiment_id;raw_data_present;analysis_present;figure_present;table_present;statistical_support;reproducibility_status;authorization_status;evidence_grade;gap;recommended_action
RQ0-SC1;ms15 gate Fig21;spread >=10pct 2 families;grid medians+noise;exp-002 gate.json;EXP-002;YES tracked;YES PASS 4/4;YES svg;YES Tab2;pre-reg gate;L2 YES;committed;A;none;retain
RQ0-TREF;ms13-14 Tab9;T_ref per cell;B0 medians;gate.json t_ref;EXP-002;YES 7of8 F3rm null;YES exclusion;NO;YES Tab9;descriptive;YES exclusion;committed;B;G-05 backfill;document exclusion draft TRAIN DEC
X1-B3;ms16 problem;B3 identical B1;B3 fp identity;x1 observations.jsonl;X1;YES untracked 7of7 f857d8de;YES spec UNTRACKED;NO;NO;identity;PARTIAL;DEC-048 draft NOT ledger;B;G-00 orphan;commit DEC-048 track files
EXP005-SUM;ms15 Tab11 Fig21;B1 lowest 6-cell sum;medians armxcell;exp005_analysis.json;EXP-005;YES 245/195/35/15 6x5;YES sums B0 142.38 B1 30.32;YES svg;YES Tab11;descriptive Wilcoxon NOT n=6/3;L2 exact;committed;A bounded;none;retain descriptive UNDECIDED
EXP005-F4;ms15-16;F4 p2-vs-p8 only above-noise;gaps vs 11.89pct;exp005_analysis.json;EXP-005;YES 6 cells;YES noise-adjudicated;YES;YES Tab11;descriptive DEC-018F;L2 YES;committed;B;none;narrow wording only above-noise
X8-REMATCH;ms15-16 addendum;F2L lead replicates;fresh 5+5 same-config;x8 observations.jsonl;X8;YES untracked 2.964 vs 2.947 -0.57pct;YES recomputed;YES x8 UNTRACKED;NO;descriptive;PARTIAL;DEC-048 draft NOT ledger;F;G-00 G-08;keep FALSIFIED fix desc
H2H3;absent correct;NA;NO n=6/3;NOT RUN stated;NO;YES UNDECIDED;correctly absent N/A;committed DAY34;NOT-EVALUABLE;none;retain UNDECIDED
X6-AQE;ms16 addendum;AQE-on >=5pct shuffle;B0prime 35/30 F3L 0/5;x6 observations + analysis;X6;YES untracked F2L -14.24 rest in/rev;YES no-pooling;YES x6 UNTRACKED;NO;noise-adjudicated;PARTIAL;DEC-047 draft NOT ledger;B MIXED bounded;G-00 + G-04 pooled;commit DEC-047 side-by-side only
SC5;ms15 Tab13;SC5 evaluated;seen baseline;exp006_analysis.json;EXP-006;YES 125 B0 15 B2 5 RL 15/15/11;YES NOT EVALUABLE never frozen;NO;partial;descriptive N/A;L2 YES;committed;NOT-EVALUABLE;none;retain NOT EVALUABLE
EXP006-PARTIAL;ms15;unseen descriptive;F1/F4-large medians;exp006_analysis.json;EXP-006;YES 3 cells 5/5 + 2 F4 0/5;YES partial;NO;partial;descriptive;YES;committed;C WEAK partial;G-02 2nd family;retain partial draft 2nd family
X9-TAXI;ms18-19 addendum;transfers real data;pilot 20;x9 observations + analysis;X9;YES untracked -78.05/-69.82 B0;YES feasibility;YES x9 UNTRACKED;NO;descriptive;PARTIAL analogical;DEC-050 draft NOT ledger;B feasibility;G-00 + G-02;commit DEC-050 one-month pilot only
EXP007;ms9/15 ablation Fig;state effect isolated;A1/A2 126;exp007_analysis.json;EXP-007;YES A1 35+35 A2 35+21;YES 0/4+0/2 Q0-confound;YES exp007 svg;YES text;descriptive no causal;L2 identical;committed;B OBSERVED NOT CAUSAL;none;retain no ranking
EXP008;ms9/15 appendix E;reward/action design;derived 48 pairs;exp008_derived_ablation.json;EXP-008;YES derived A5 DISABLED;YES R3 vs time-only 4/4;NO;YES text;descriptive;L2 YES;committed DEC-011;B DERIVED-ONLY;A5 FUTURE;draft gate if ever no run
A5-MULTISTEP;ms9 appendix;multi-step helps;A5 runs;absent;A5;NO 0;NO gated NO;NO;ms NOT RUN;none;N/A;DEC-011;FUTURE WORK;none;draft gate if ever no run
SC6-CAP;ms12-14 Tab8-10;training <=500;ledger manifests;validate_day31 chk22;SC6;YES 483 counted;YES 232+84+20+126+21;NO;YES Tab8-10;accounting exact;YES chk22 green;committed DEC-031-038;A bounded;G-00 demo note;reconcile 483+5 demo=488 TRAIN-split
SC6C2-OVERHEAD;ICPE + ms15 Fig22;overhead <=5pct;paired medians + 95pct CI;exp009_analysis + ext analysis_ext;EXP-009+ext;YES base 105 ext 4842/3228;YES 6/7 PASS iid 1 INCONC;YES ci+regime svg;YES paper;95pct boot 4000 s0 DEC-042;L2 <=1.7e-15;committed DEC-040/042/043;B QUALIFIED 6/7 iid 4-5/7 block;serial disclosed;retain qualified cite flips
SQRTN;ICPE abstract + ms15/20;sqrtn predicts reps;halfwidth traj;analysis_ext + robustness;EXP-009 ext;YES 7 cells 0.18-7.70x;YES 7/7 miss pre-reg;YES ci svg;YES text;pre-reg falsification;YES;F FALSIFIED;none;retain FALSIFIED never stopping rule
X2-SAMPLER;addendum + synth;sub-linear rate;rate sweep 6;x2 observations;X2;YES untracked n=1 +9.4/-7.3/+1.8pct;YES sign flips;YES x2x3 UNTRACKED;NO;descriptive n=1;PARTIAL;DEC-048 draft NOT ledger;C DESCRIPTIVE;G-00;commit DEC-048 no scaling claim
X3-ELOG;addendum + synth;elog confound <1pp;paired elog-off 6;x3 observations;X3;YES untracked pair -3.9pct in-noise;YES bounded not removed;YES x2x3;NO;descriptive 11.89pct;PARTIAL impossible clean;DEC-048 draft NOT ledger;B BOUNDED;permanent bound;retain DEC-040s4 caveat
R-SEED-BCA;ICPE s7 robustness;seed/BCa stable;seeds 0-4 + BCa;exp009_robustness.json;Track R;YES derived <=0.44pp BCa agrees;YES all 7;YES block_vs_iid UNTRACKED;NO;seed+BCa;re-runnable;A stable;G-00 path note;record hand-copy retain
R-SERIAL;ICPE s5-7 + ms11/15/20;lag-1 0.584-0.886;21 ACF/CUSUM;exp009_robustness.json;Track R;YES 21/21 min 0.584 max 0.886;YES per-series + CUSUM;YES regime svg;YES text;descriptive band ref;YES;A SUFFICIENT;none;retain cite limitation iid
R-BLOCK;ICPE s7 + ms15/20;block flips 2;circular L=5/10/20;exp009_robustness.json;Track R;YES F5M-med all-L F5M-small L10/20 F1S stays;YES to 26pp;YES block svg;YES text;sensitivity secondary;YES;A disclosed;none;retain primary NEVER switched DEC-044 D1
R-BIMODAL;ICPE + ms15;F1S bimodal;coeff + hist 247;exp009_robustness.json;Track R;YES BC 0.485<0.555 128/14/72/25;YES skewed-secondary;NO;YES text;coeff heuristic;YES;C NOT bimodal;none;retain corrected label
R-STAB;ICPE + ms15;stabilization sensitivity;traj V1/V2/canonical;exp009_robustness.json;Track R;YES F1S n29 F5S n77 revert stable F5S n220 F1S never;YES sequences;NO;YES text;descriptive rule;YES;C hazard quantified;none;retain forbid first-PASS rule
X10-SC7;addendum + ms Tab13;fresh +-5pct;re-runs 20;x10 observations + analysis;X10;YES untracked +2.71/+4.74 PASS +6.82/+11.73 FAIL;YES PARTIAL 2/4;YES x10 UNTRACKED;NO;+-5pct exact;PARTIAL;DEC-049 draft NOT ledger;C PARTIAL 2/4;G-01 full 60;commit DEC-049 draft EXP-011 no run

L2-CORROB;ms12/17 Tab13;analysis reproduces;zero-exec re-derivation;verify_reproducibility.py;all;YES 16 checks;YES 16/16 PASS;NO;NO;exact identity;YES 16/16;committed DEC-046;A;none;retain
EXP011-FULL;ms Tab13 + PLAN;measurements reproduce 60 TEST;60 TEST runs;absent;EXP-011;NO 0;NO empty;NO;ms empty;none;NO;MISSING D;recorded empty;G-01 REQUIRES EXPERIMENT;draft DEC PENDING no run
RL-STATE;ms7-8 figs9-10 appendix;v1.5 informative;definition+coverage+M8;policies + audits;EXP-004/007;YES 5/30 full 4/15 A1 2/2 A2 M8 0.20;YES thin 16.8/9.8/8.4;YES figs9-10;YES text;descriptive;L2 YES;committed;B LIMITED;none;narrow no stability claim
RL-ACTION;ms7-8 Tab6;12-action valid;grid + fp + restarts;configs + runs;EXP-002/004/005;YES 41/60 68.3pct valid;YES A4 cannot reach B1/2of3 B2;YES fig;YES Tab6;descriptive structural;YES;committed;B thin valid;none;retain full-grid derived A4
RL-REWARD;ms7 Eq1 appendix B;R3 aligned;weights/refs/clip/fail-1 + A3;reward.yaml + exp008;EXP-004/008;YES floor 0.069 T_ref not state;YES time 4/4 agree;NO;YES text;descriptive;L2 YES;committed;B secondary;none;retain no R4 unspecifiable
RL-LEARN;ms7 Eq2-3 + s15 Fig23;bounded learning;episodes + policies + 0 failed;Day28/29 audits;EXP-004;YES 84/49/42 e1-0.05 Q0-median ckpt/25;YES 3 arms;YES Fig23;YES text;descriptive not convergence;YES;committed;A bounded conv NOT claimed;none;retain bounded never early-stop=convergence
RL-EVAL;ms13-14 Day31 gate;sealed matched evaluation;frozen TEST + guards;validate_day31 + EXP-005;YES frozen matched medians-of-5;YES 35/36 chk26 s12;NO;YES Tab9;spec+guards;YES partial;committed DEC-012-018;B chk26 pending;G-07 chk26 allow-list;bundle chk26 DEC fix no data
DEMO;ms21 PLAN36 demo;deterministic demo;5 TRAIN B0/B3/RLx3;x-demo observations.jsonl;EXP-012/demo;YES untracked 4.695/1.424/1.417/1.730/1.765 ep1 G-p8-sp32 non-B3;YES demo table;NO;NO;descriptive demo only;PARTIAL backup replays;DEC-051 draft NOT ledger;B demo only NOT validation;G-00;commit DEC-051 keep backup fallback
RESOURCE;ms11 Tab7 + s15/19;resource optimization;CPU/mem/spill/CV + sampler ~3/s;manifests + ext rows;EXP-009;YES per-run aggregated R3 only;YES refs 0.5/0.10;NO;YES Tab7;none owed;YES;B no standalone claim;none;keep Fig22 architectural no optimization claim
THROUGHPUT;ms14 Tab10;throughput/latency;where applicable;absent not headlined;NA;NO not needed;NO correctly absent;NO;Tab10 def;none;N/A;FUTURE WORK if claimed;none;retain absence derivable bytes/time
COMPARE-STATIC;ms16 Tab12;vs static/heuristic/random/B0/AQE/AutoML;B1/B2/B3/B4/RL/B0/B0prime/lit;exp005 + X1/X6 + matrix;EXP-005+X;YES B1 wins RL approx B4 B3=B1;YES Tab12 Fig24;YES Fig24;YES Tab12;descriptive no inference;YES partial;B differentiated not triumphal;G-04 pooled;retain withheld superiority B0prime open no head-to-head
TRUST;ms17 Tab13 Fig25;trustworthiness matrix;claim verdicts;Tab13 + audits;all;YES per-claim;YES 9 rows;YES Fig25;YES Tab13;per-claim adjudication;YES;B mixed reported;none;retain mixed visibility
LIMITS;ms20 Fig29;limitations;measured/recorded only;s20 + audits;all;YES each measured;YES Fig29 map;NO;YES text;measured-not-discovered;YES;A;none;retain
DATA-AVAIL;ms data_availability + ICPE s10;raw access + DOI;TODO DOI + HELD;DEC-045 + rehearsal;SC8;PARTIAL tracked base/ext + untracked X HELD;YES manifests+checksums;NO;NO;16/16 + 55/55 + rehearsal;PARTIAL HELD D4 pending;B HELD caveat;G-00 commit + G-09 videos/refs;keep TODO(DOI) no URL invented
TEMPLATE-REFS;outline + ICPE venue;template + recent lit + figs + eqs + code + data + videos;39 refs 32 figs 15 tab 10 eq;sections + refs + diagrams;NA;YES 39 in 30-50 band ICPE 5 verified;YES build 6pp;YES 32/15;YES 39 count task;build green 21/21 in-page;L2 + build;B G-09 count + videos;G-08 band resolved + G-09;final band 30-50 39 complies verify >=80pct 2020-25

